{"products":[{"id":"0.4136931260625325","qty":1}],"totalPrice":67.98000000000002}